1,RN2BACSW103,GigabitEthernet,0,1,rn2acisw709,709,1
2,RN2BACSW103,GigabitEthernet,0,2,rn2acisw709,709,2
3,RN2BACSW103,GigabitEthernet,0,3,rn2acisw709,709,3
4,RN2BACSW103,GigabitEthernet,0,4,rn2acisw709,709,4
5,RN2BACSW103,GigabitEthernet,0,5,rn2acisw709,709,5
6,RN2BACSW103,GigabitEthernet,0,6,rn2acisw709,709,6
7,RN2BACSW103,GigabitEthernet,0,7,rn2acisw709,709,7
8,RN2BACSW103,GigabitEthernet,0,8,rn2acisw709,709,8
9,RN2BACSW103,GigabitEthernet,0,9,rn2acisw709,709,9
10,RN2BACSW103,GigabitEthernet,0,10,rn2acisw709,709,10
11,RN2BACSW103,GigabitEthernet,0,11,rn2acisw709,709,11
12,RN2BACSW103,GigabitEthernet,0,12,rn2acisw709,709,12
13,RN2BACSW103,GigabitEthernet,0,13,rn2acisw709,709,13
14,RN2BACSW103,GigabitEthernet,0,14,rn2acisw709,709,14
15,RN2BACSW103,GigabitEthernet,0,15,rn2acisw709,709,15
16,RN2BACSW103,GigabitEthernet,0,19,rn2acisw709,709,16
17,RN2BACSW103,GigabitEthernet,0,20,rn2acisw709,709,17
18,RN2BACSW103,GigabitEthernet,0,21,rn2acisw709,709,18
19,RN2BACSW103,GigabitEthernet,0,22,rn2acisw709,709,19
20,RN2BACSW103,GigabitEthernet,0,23,rn2acisw709,709,20
21,RN2BACSW103,GigabitEthernet,0,24,rn2acisw709,709,21
22,RN2BACSW103,GigabitEthernet,0,25,rn2acisw709,709,43
23,RN2BACSW103,GigabitEthernet,0,26,rn2acisw709,709,44
24,RN2BACSW103,GigabitEthernet,0,27,rn2acisw709,709,45
25,RN2BACSW103,GigabitEthernet,0,42,rn2acisw709,709,46
26,RN2BACSW103,GigabitEthernet,0,43,rn2acisw709,709,47
27,RN2BACSW103,GigabitEthernet,0,44,rn2acisw709,709,48
28,RN2OUMSW405,GigabitEthernet,0,1,rn2acisw703,703,8
29,RN2OUMSW405,GigabitEthernet,0,2,rn2acisw703,703,9
30,RN2OUMSW405,GigabitEthernet,0,3,rn2acisw703,703,10
31,RN2OUMSW405,GigabitEthernet,0,4,rn2acisw703,703,11
32,RN2OUMSW405,GigabitEthernet,0,5,rn2acisw703,703,12
33,RN2OUMSW405,GigabitEthernet,0,6,rn2acisw703,703,13
34,RN2OUMSW405,GigabitEthernet,0,7,rn2acisw703,703,14
35,RN2OUMSW405,GigabitEthernet,0,8,rn2acisw703,703,15
36,RN2OUMSW405,GigabitEthernet,0,9,rn2acisw703,703,16
37,RN2OUMSW405,GigabitEthernet,0,11,rn2acisw703,703,17
38,RN2OUMSW405,GigabitEthernet,0,12,rn2acisw703,703,18
39,RN2OUMSW405,GigabitEthernet,0,13,rn2acisw703,703,19
40,RN2OUMSW405,GigabitEthernet,0,20,rn2acisw703,703,20
41,RN2OUMSW405,GigabitEthernet,0,21,rn2acisw703,703,21
42,RN2OUMSW405,GigabitEthernet,0,22,rn2acisw703,703,22
43,RN2OUMSW405,GigabitEthernet,0,23,rn2acisw703,703,23
44,RN2OUMSW405,GigabitEthernet,0,24,rn2acisw703,703,24
45,RN2OUMSW405,GigabitEthernet,0,25,rn2acisw703,703,25
46,RN2OUMSW405,GigabitEthernet,0,26,rn2acisw703,703,26
47,RN2OUMSW405,GigabitEthernet,0,27,rn2acisw703,703,27
48,RN2OUMSW405,GigabitEthernet,0,28,rn2acisw703,703,28
49,RN2OUMSW405,GigabitEthernet,0,29,rn2acisw703,703,29
50,RN2OUMSW405,GigabitEthernet,0,30,rn2acisw703,703,30
51,RN2OUMSW405,GigabitEthernet,0,31,rn2acisw703,703,31
52,RN2OUMSW405,GigabitEthernet,0,32,rn2acisw703,703,32
53,RN2OUMSW405,GigabitEthernet,0,33,rn2acisw703,703,33
54,RN2BACSW005,FastEthernet,0,44,rn2acisw707,707,46
55,RN2BACSW005,FastEthernet,0,45,rn2acisw707,707,47
56,RN2BACSW003,FastEthernet,0,18,rn2acisw707,707,24
57,RN2BACSW003,FastEthernet,0,19,rn2acisw707,707,37
58,RN2BACSW003,FastEthernet,0,20,rn2acisw707,707,36
59,RN2BACSW003,FastEthernet,0,21,rn2acisw707,707,35
60,RN2BACSW003,FastEthernet,0,33,rn2acisw707,707,45
61,RN2BACSW003,FastEthernet,0,34,rn2acisw707,707,44
62,RN2BACSW003,FastEthernet,0,35,rn2acisw707,707,43
63,RN2BACSW003,FastEthernet,0,36,rn2acisw707,707,42
64,RN2BACSW003,FastEthernet,0,37,rn2acisw707,707,41
65,RN2BACSW003,FastEthernet,0,38,rn2acisw707,707,40
66,RN2BACSW003,FastEthernet,0,40,rn2acisw707,707,39
67,RN2BACSW003,FastEthernet,0,41,rn2acisw707,707,38
68,RN2BARSW205,GigabitEthernet,0,1,rn2acisw707,707,6
69,RN2BARSW205,GigabitEthernet,0,2,rn2acisw707,707,7
70,RN2BARSW205,GigabitEthernet,0,3,rn2acisw707,707,8
71,RN2BARSW205,GigabitEthernet,0,4,rn2acisw707,707,9
72,RN2BARSW205,GigabitEthernet,0,5,rn2acisw707,707,10
73,RN2BARSW205,GigabitEthernet,0,6,rn2acisw707,707,11
74,RN2BARSW205,GigabitEthernet,0,7,rn2acisw707,707,12
75,RN2BARSW205,GigabitEthernet,0,8,rn2acisw707,707,13
76,RN2BARSW205,GigabitEthernet,0,9,rn2acisw707,707,14
77,RN2BARSW205,GigabitEthernet,0,10,rn2acisw707,707,15
78,RN2BARSW205,GigabitEthernet,0,11,rn2acisw707,707,16
79,RN2BARSW205,GigabitEthernet,0,12,rn2acisw707,707,17
80,RN2BARSW205,GigabitEthernet,0,13,rn2acisw707,707,18
81,RN2BARSW205,GigabitEthernet,0,14,rn2acisw707,707,19
82,RN2BARSW205,GigabitEthernet,0,15,rn2acisw707,707,20
83,RN2BARSW205,GigabitEthernet,0,16,rn2acisw707,707,21
84,RN2BARSW205,GigabitEthernet,0,17,rn2acisw707,707,22
85,RN2BARSW205,GigabitEthernet,0,18,rn2acisw707,707,23
86,RN2BARSW105,GigabitEthernet,0,4,rn2acisw707,707,3
87,RN2BARSW105,GigabitEthernet,0,5,rn2acisw707,707,4
88,RN2BARSW105,GigabitEthernet,0,6,rn2acisw707,707,5
89,RN2BARSW105,GigabitEthernet,0,10,rn2acisw707,707,1
90,RN2BARSW105,GigabitEthernet,0,11,rn2acisw707,707,2
91,RN2BARSW105,GigabitEthernet,0,36,rn2acisw707,707,48
92,RN2OUMSW305,GigabitEthernet,0,1,rn2acisw703,703,1
93,RN2OUMSW305,GigabitEthernet,0,2,rn2acisw703,703,2
94,RN2OUMSW305,GigabitEthernet,0,3,rn2acisw703,703,3
95,RN2OUMSW305,GigabitEthernet,0,4,rn2acisw703,703,4
96,RN2OUMSW305,GigabitEthernet,0,10,rn2acisw703,703,5
97,RN2OUMSW305,GigabitEthernet,0,11,rn2acisw703,703,6
98,RN2OUMSW305,GigabitEthernet,0,12,rn2acisw703,703,7
99,RN2OUMSW305,GigabitEthernet,0,13,rn2acisw701,701,1
100,RN2OUMSW305,GigabitEthernet,0,14,rn2acisw701,701,2
101,RN2OUMSW305,GigabitEthernet,0,15,rn2acisw701,701,3
102,RN2OUMSW305,GigabitEthernet,0,16,rn2acisw701,701,4
103,RN2OUMSW305,GigabitEthernet,0,17,rn2acisw701,701,5
104,RN2OUMSW305,GigabitEthernet,0,21,rn2acisw701,701,6
105,RN2OUMSW305,GigabitEthernet,0,24,rn2acisw701,701,7
106,RN2OUMSW305,GigabitEthernet,0,25,rn2acisw701,701,30
107,RN2OUMSW305,GigabitEthernet,0,30,rn2acisw701,701,31
108,RN2OUMSW305,GigabitEthernet,0,31,rn2acisw701,701,32
109,RN2OUMSW305,GigabitEthernet,0,32,rn2acisw703,703,34
110,RN2OUMSW305,GigabitEthernet,0,33,rn2acisw703,703,35
111,RN2OUMSW305,GigabitEthernet,0,34,rn2acisw703,703,36
112,RN2OUMSW305,GigabitEthernet,0,35,rn2acisw703,703,37
113,RN2OUMSW305,GigabitEthernet,0,36,rn2acisw703,703,38
114,RN2OUMSW305,GigabitEthernet,0,37,rn2acisw703,703,39
115,RN2OUMSW305,GigabitEthernet,0,38,rn2acisw703,703,40
116,RN2OUMSW305,GigabitEthernet,0,39,rn2acisw703,703,41
117,RN2OUMSW305,GigabitEthernet,0,41,rn2acisw703,703,42
118,RN2OUMSW305,GigabitEthernet,0,42,rn2acisw703,703,43
119,RN2OUMSW305,GigabitEthernet,0,43,rn2acisw703,703,44
120,RN2OUMSW305,GigabitEthernet,0,44,rn2acisw703,703,45
121,RN2OUMSW305,GigabitEthernet,0,45,rn2acisw703,703,46
122,RN2OUMSW305,GigabitEthernet,0,46,rn2acisw703,703,47
123,RN2OUMSW305,GigabitEthernet,0,47,rn2acisw703,703,48
124,RN2OUMSW205,FastEthernet,0,2,rn2acisw701,701,11
125,RN2OUMSW205,FastEthernet,0,4,rn2acisw701,701,12
126,RN2OUMSW205,FastEthernet,0,5,rn2acisw701,701,13
127,RN2OUMSW205,FastEthernet,0,7,rn2acisw701,701,14
128,RN2OUMSW205,FastEthernet,0,8,rn2acisw701,701,15
129,RN2OUMSW205,FastEthernet,0,9,rn2acisw701,701,16
130,RN2OUMSW205,FastEthernet,0,10,rn2acisw701,701,17
131,RN2OUMSW205,FastEthernet,0,14,rn2acisw701,701,18
132,RN2OUMSW205,FastEthernet,0,20,rn2acisw701,701,19
133,RN2OUMSW205,FastEthernet,0,23,rn2acisw701,701,20
134,RN2OUMSW205,FastEthernet,0,24,rn2acisw701,701,21
135,RN2OUMSW205,FastEthernet,0,25,rn2acisw701,701,47
136,RN2OUMSW205,FastEthernet,0,26,rn2acisw701,701,46
137,RN2OUMSW205,FastEthernet,0,27,rn2acisw701,701,22
138,RN2OUMSW205,FastEthernet,0,28,rn2acisw701,701,44
139,RN2OUMSW205,FastEthernet,0,29,rn2acisw701,701,43
140,RN2OUMSW205,FastEthernet,0,30,rn2acisw701,701,42
141,RN2OUMSW205,FastEthernet,0,31,rn2acisw701,701,41
142,RN2OUMSW205,FastEthernet,0,32,rn2acisw701,701,40
143,RN2OUMSW205,FastEthernet,0,33,rn2acisw701,701,39
144,RN2OUMSW205,FastEthernet,0,38,rn2acisw701,701,38
145,RN2OUMSW205,FastEthernet,0,39,rn2acisw701,701,37
146,RN2OUMSW205,FastEthernet,0,42,rn2acisw701,701,36
147,RN2OUMSW205,FastEthernet,0,43,rn2acisw701,701,35
148,RN2OUMSW205,FastEthernet,0,44,rn2acisw701,701,34
149,RN2OUMSW205,FastEthernet,0,48,rn2acisw701,701,33
150,RN2OUMSW005,FastEthernet,0,3,rn2acisw701,701,8
151,RN2OUMSW051,FastEthernet,0,1,rn2acisw701,701,9
152,RN2OUMSW051,FastEthernet,0,19,rn2acisw701,701,10
153,RN2OUMSW051,FastEthernet,0,29,rn2acisw701,701,48
154,RN2DMZSW103,GigabitEthernet,0,1,rn2acisw705,705,1
155,RN2DMZSW103,GigabitEthernet,0,2,rn2acisw705,705,2
156,RN2DMZSW103,GigabitEthernet,0,3,rn2acisw705,705,3
157,RN2DMZSW103,GigabitEthernet,0,4,rn2acisw705,705,4
158,RN2DMZSW103,GigabitEthernet,0,5,rn2acisw705,705,5
159,RN2DMZSW103,GigabitEthernet,0,6,rn2acisw705,705,6
160,RN2DMZSW103,GigabitEthernet,0,7,rn2acisw705,705,7
161,RN2DMZSW103,GigabitEthernet,0,8,rn2acisw705,705,8
162,RN2DMZSW103,GigabitEthernet,0,9,rn2acisw705,705,9
163,RN2DMZSW103,GigabitEthernet,0,10,rn2acisw705,705,10
164,RN2DMZSW103,GigabitEthernet,0,11,rn2acisw705,705,11
165,RN2DMZSW103,GigabitEthernet,0,12,rn2acisw705,705,12
166,RN2DMZSW103,GigabitEthernet,0,13,rn2acisw705,705,13
167,RN2DMZSW103,GigabitEthernet,0,14,rn2acisw705,705,14
168,RN2DMZSW103,GigabitEthernet,0,15,rn2acisw705,705,15
169,RN2DMZSW103,GigabitEthernet,0,16,rn2acisw705,705,16
170,RN2DMZSW103,GigabitEthernet,0,17,rn2acisw705,705,17
171,RN2DMZSW103,GigabitEthernet,0,18,rn2acisw705,705,18
172,RN2DMZSW103,GigabitEthernet,0,19,rn2acisw705,705,19
173,RN2DMZSW103,GigabitEthernet,0,20,rn2acisw705,705,20
174,RN2DMZSW103,GigabitEthernet,0,21,rn2acisw705,705,21
175,RN2DMZSW103,GigabitEthernet,0,22,rn2acisw705,705,22
176,RN2DMZSW103,GigabitEthernet,0,23,rn2acisw705,705,23
177,RN2DMZSW103,GigabitEthernet,0,24,rn2acisw705,705,24
178,RN2DMZSW103,GigabitEthernet,0,25,rn2acisw705,705,40
179,RN2DMZSW103,GigabitEthernet,0,26,rn2acisw705,705,41
180,RN2DMZSW103,GigabitEthernet,0,27,rn2acisw705,705,42
181,RN2DMZSW103,GigabitEthernet,0,28,rn2acisw705,705,43
182,RN2DMZSW103,GigabitEthernet,0,29,rn2acisw705,705,44
183,RN2DMZSW103,GigabitEthernet,0,30,rn2acisw705,705,45
184,RN2DMZSW103,GigabitEthernet,0,31,rn2acisw705,705,46
185,RN2DMZSW103,GigabitEthernet,0,32,rn2acisw705,705,47
186,RN2DMZSW103,GigabitEthernet,0,33,rn2acisw705,705,48
187,RN2OUMSW777,GigabitEthernet,0,1,rn2acisw541,541,48
188,RN2OUMSW777,GigabitEthernet,0,2,rn2acisw541,541,47
189,RN2OUMSW777,GigabitEthernet,0,3,rn2acisw541,541,46
190,RN2OUMSW777,GigabitEthernet,0,4,rn2acisw541,541,45
191,RN2OUMSW777,GigabitEthernet,0,9,rn2acisw541,541,44
192,RN2OUMSW777,GigabitEthernet,0,10,rn2acisw541,541,43
193,RN2OUMSW777,GigabitEthernet,0,11,rn2acisw541,541,42
194,RN2OUMSW032,GigabitEthernet,0,1,rn2acisw540,540,1
